{
  "y_pred_python": {
    "Deficient": {
      "precision": 1.0,
      "recall": 0.7142857142857143,
      "f1-score": 0.8333333333333334,
      "support": 7.0
    },
    "High": {
      "precision": 1.0,
      "recall": 0.8571428571428571,
      "f1-score": 0.9230769230769231,
      "support": 7.0
    },
    "Low": {
      "precision": 0.6666666666666666,
      "recall": 0.75,
      "f1-score": 0.7058823529411765,
      "support": 8.0
    },
    "Normal": {
      "precision": 0.7,
      "recall": 0.875,
      "f1-score": 0.7777777777777778,
      "support": 8.0
    },
    "accuracy": 0.8,
    "macro avg": {
      "precision": 0.8416666666666666,
      "recall": 0.7991071428571428,
      "f1-score": 0.8100175967823027,
      "support": 30.0
    },
    "weighted avg": {
      "precision": 0.831111111111111,
      "recall": 0.8,
      "f1-score": 0.8054717613541144,
      "support": 30.0
    }
  },
  "y_pred_llm_v2": {
    "Deficient": {
      "precision": 1.0,
      "recall": 0.5714285714285714,
      "f1-score": 0.7272727272727273,
      "support": 7.0
    },
    "High": {
      "precision": 1.0,
      "recall": 0.5714285714285714,
      "f1-score": 0.7272727272727273,
      "support": 7.0
    },
    "Low": {
      "precision": 0.5454545454545454,
      "recall": 0.75,
      "f1-score": 0.631578947368421,
      "support": 8.0
    },
    "Normal": {
      "precision": 0.5454545454545454,
      "recall": 0.75,
      "f1-score": 0.631578947368421,
      "support": 8.0
    },
    "accuracy": 0.6666666666666666,
    "macro avg": {
      "precision": 0.7727272727272727,
      "recall": 0.6607142857142857,
      "f1-score": 0.6794258373205742,
      "support": 30.0
    },
    "weighted avg": {
      "precision": 0.7575757575757576,
      "recall": 0.6666666666666666,
      "f1-score": 0.6762360446570973,
      "support": 30.0
    }
  },
  "y_pred_baseline": {
    "Deficient": {
      "precision": 1.0,
      "recall": 0.14285714285714285,
      "f1-score": 0.25,
      "support": 7.0
    },
    "High": {
      "precision": 0.8,
      "recall": 0.5714285714285714,
      "f1-score": 0.6666666666666666,
      "support": 7.0
    },
    "Low": {
      "precision": 0.42857142857142855,
      "recall": 0.375,
      "f1-score": 0.4,
      "support": 8.0
    },
    "Normal": {
      "precision": 0.4117647058823529,
      "recall": 0.875,
      "f1-score": 0.56,
      "support": 8.0
    },
    "accuracy": 0.5,
    "macro avg": {
      "precision": 0.6600840336134454,
      "recall": 0.49107142857142855,
      "f1-score": 0.4691666666666667,
      "support": 30.0
    },
    "weighted avg": {
      "precision": 0.6440896358543416,
      "recall": 0.5,
      "f1-score": 0.4698888888888889,
      "support": 30.0
    }
  }
}