model,accuracy,precision,recall,f1_score
y_pred_python,0.8,0.831111111111111,0.8,0.8054717613541144
y_pred_llm_v2,0.6666666666666666,0.7575757575757576,0.6666666666666666,0.6762360446570973
y_pred_baseline,0.5,0.6440896358543416,0.5,0.4698888888888889
